"classifier,""handicapped-infants"",""water-project-cost-sharing"",""adoption-of-the-budget-resolution"",""education_num"",""physician-fee-freeze"",""el-salvador-aid"",""religious-groups-ion-schools"",""antisatellite-test-ban"",""aid-to-nicaraguan-contras"""
"republican,""n"",""y"",""n"",""y"",""y"",""y"",""n"",""n"",""n"""
"republican,""n"",""y"",""n"",""y"",""y"",""y"",""n"",""n"",""n"""
"democrat,""0"",""y"",""y"",""0"",""y"",""y"",""n"",""n"",""n"""
"democrat,""n"",""y"",""y"",""n"",""0"",""y"",""n"",""n"",""n"""
"democrat,""y"",""y"",""y"",""n"",""y"",""y"",""n"",""n"",""n"""
"democrat,""n"",""y"",""y"",""n"",""y"",""y"",""n"",""n"",""n"""
"democrat,""n"",""y"",""n"",""y"",""y"",""y"",""n"",""n"",""n"""
"republican,""n"",""y"",""n"",""y"",""y"",""y"",""n"",""n"",""n"""
"republican,""n"",""y"",""n"",""y"",""y"",""y"",""n"",""n"",""n"""
"democrat,""y"",""y"",""y"",""n"",""n"",""n"",""y"",""y"",""y"""
"republican,""n"",""y"",""n"",""y"",""y"",""n"",""n"",""n"",""n"""
"republican,""n"",""y"",""n"",""y"",""y"",""y"",""n"",""n"",""n"""
"democrat,""n"",""y"",""y"",""n"",""n"",""n"",""y"",""y"",""y"""
"democrat,""y"",""y"",""y"",""n"",""n"",""y"",""y"",""y"",""0"""
"republican,""n"",""y"",""n"",""y"",""y"",""y"",""n"",""n"",""n"""
"republican,""n"",""y"",""n"",""y"",""y"",""y"",""n"",""n"",""n"""
"democrat,""y"",""n"",""y"",""n"",""n"",""y"",""n"",""y"",""0"""
"democrat,""y"",""0"",""y"",""n"",""n"",""n"",""y"",""y"",""y"""
"republican,""n"",""y"",""n"",""y"",""y"",""y"",""n"",""n"",""n"""
"democrat,""y"",""y"",""y"",""n"",""n"",""n"",""y"",""y"",""y"""
"democrat,""y"",""y"",""y"",""n"",""n"",""0"",""y"",""y"",""n"""
"democrat,""y"",""y"",""y"",""n"",""n"",""n"",""y"",""y"",""y"""
"democrat,""y"",""0"",""y"",""n"",""n"",""n"",""y"",""y"",""y"""
"democrat,""y"",""y"",""y"",""n"",""n"",""n"",""y"",""y"",""y"""
"democrat,""y"",""n"",""y"",""n"",""n"",""n"",""y"",""y"",""y"""
"democrat,""y"",""n"",""y"",""n"",""n"",""n"",""y"",""y"",""y"""
"democrat,""y"",""n"",""y"",""n"",""n"",""n"",""y"",""y"",""y"""
"democrat,""y"",""y"",""y"",""n"",""n"",""n"",""y"",""y"",""y"""
"republican,""y"",""n"",""n"",""y"",""y"",""n"",""y"",""y"",""y"""
"democrat,""y"",""y"",""y"",""n"",""n"",""n"",""y"",""y"",""y"""
"republican,""n"",""y"",""n"",""y"",""y"",""y"",""n"",""n"",""n"""
"democrat,""y"",""y"",""y"",""n"",""n"",""n"",""y"",""y"",""y"""
"democrat,""y"",""y"",""y"",""n"",""n"",""n"",""y"",""y"",""y"""
"republican,""n"",""y"",""n"",""y"",""y"",""y"",""n"",""n"",""n"""
"democrat,""y"",""y"",""y"",""n"",""n"",""n"",""y"",""y"",""y"""
"republican,""n"",""y"",""n"",""y"",""y"",""y"",""n"",""n"",""n"""
"republican,""y"",""0"",""n"",""y"",""y"",""y"",""n"",""n"",""n"""
"republican,""y"",""y"",""n"",""y"",""y"",""y"",""n"",""n"",""n"""
"republican,""n"",""y"",""n"",""y"",""y"",""y"",""n"",""n"",""n"""
"democrat,""y"",""n"",""y"",""n"",""n"",""n"",""y"",""y"",""y"""
"democrat,""y"",""y"",""y"",""n"",""n"",""n"",""y"",""y"",""y"""
"democrat,""y"",""y"",""y"",""n"",""n"",""n"",""y"",""y"",""y"""
"democrat,""y"",""n"",""y"",""n"",""n"",""n"",""y"",""y"",""y"""
"democrat,""y"",""n"",""y"",""n"",""n"",""n"",""y"",""y"",""y"""
"democrat,""y"",""y"",""y"",""n"",""n"",""n"",""y"",""y"",""y"""
"democrat,""y"",""y"",""y"",""n"",""n"",""n"",""y"",""y"",""0"""
"democrat,""y"",""y"",""y"",""n"",""n"",""n"",""y"",""y"",""y"""
"democrat,""y"",""n"",""y"",""n"",""n"",""n"",""y"",""y"",""0"""
"democrat,""y"",""y"",""y"",""n"",""n"",""n"",""y"",""y"",""n"""
"republican,""n"",""0"",""n"",""y"",""y"",""y"",""n"",""n"",""n"""
"democrat,""y"",""y"",""y"",""n"",""n"",""n"",""y"",""y"",""y"""
"republican,""n"",""y"",""n"",""y"",""y"",""y"",""n"",""0"",""n"""
"democrat,""y"",""y"",""y"",""n"",""n"",""n"",""y"",""y"",""y"""
"democrat,""y"",""n"",""y"",""n"",""n"",""n"",""y"",""y"",""y"""
"democrat,""y"",""y"",""y"",""n"",""n"",""n"",""y"",""y"",""y"""
"republican,""y"",""n"",""n"",""y"",""y"",""n"",""y"",""y"",""y"""
"democrat,""y"",""y"",""y"",""n"",""n"",""n"",""y"",""y"",""y"""
"republican,""n"",""y"",""n"",""y"",""y"",""y"",""n"",""n"",""n"""
"democrat,""y"",""y"",""y"",""n"",""n"",""n"",""y"",""y"",""y"""
"democrat,""y"",""y"",""y"",""n"",""n"",""n"",""y"",""y"",""y"""
"republican,""n"",""y"",""n"",""y"",""y"",""y"",""n"",""n"",""n"""
"democrat,""y"",""y"",""y"",""n"",""n"",""n"",""y"",""y"",""y"""
"republican,""n"",""y"",""n"",""y"",""y"",""y"",""n"",""n"",""n"""
"republican,""y"",""0"",""n"",""y"",""y"",""y"",""n"",""n"",""n"""
"republican,""y"",""y"",""n"",""y"",""y"",""y"",""n"",""n"",""n"""
"republican,""n"",""y"",""n"",""y"",""y"",""y"",""n"",""n"",""n"""
"democrat,""y"",""n"",""y"",""n"",""n"",""n"",""y"",""y"",""y"""
"democrat,""y"",""y"",""y"",""n"",""n"",""n"",""y"",""y"",""y"""
"democrat,""y"",""y"",""y"",""n"",""n"",""n"",""y"",""y"",""y"""
"democrat,""y"",""n"",""y"",""n"",""n"",""n"",""y"",""y"",""y"""
"democrat,""y"",""n"",""y"",""n"",""n"",""n"",""y"",""y"",""y"""
"democrat,""y"",""y"",""y"",""n"",""n"",""n"",""y"",""y"",""y"""
"democrat,""y"",""y"",""y"",""n"",""n"",""n"",""y"",""y"",""0"""
"democrat,""y"",""y"",""y"",""n"",""n"",""n"",""y"",""y"",""y"""
"democrat,""y"",""n"",""y"",""n"",""n"",""n"",""y"",""y"",""0"""
"democrat,""y"",""y"",""y"",""n"",""n"",""n"",""y"",""y"",""n"""
"republican,""n"",""0"",""n"",""y"",""y"",""y"",""n"",""n"",""n"""
"democrat,""y"",""y"",""y"",""n"",""n"",""n"",""y"",""y"",""y"""
"republican,""n"",""y"",""n"",""y"",""y"",""y"",""n"",""0"",""n"""
"democrat,""y"",""y"",""y"",""n"",""n"",""n"",""y"",""y"",""y"""
"democrat,""y"",""n"",""y"",""n"",""n"",""n"",""y"",""y"",""y"""
"democrat,""y"",""y"",""y"",""n"",""n"",""n"",""y"",""y"",""y"""
"republican,""y"",""n"",""n"",""y"",""y"",""n"",""y"",""y"",""y"""
"democrat,""y"",""y"",""y"",""n"",""n"",""n"",""y"",""y"",""y"""
"republican,""n"",""y"",""n"",""y"",""y"",""y"",""n"",""n"",""n"""
"democrat,""y"",""y"",""y"",""n"",""n"",""n"",""y"",""y"",""y"""
"democrat,""y"",""y"",""y"",""n"",""n"",""n"",""y"",""y"",""y"""
"republican,""n"",""y"",""n"",""y"",""y"",""y"",""n"",""n"",""n"""
"democrat,""y"",""y"",""y"",""n"",""n"",""n"",""y"",""y"",""y"""
"republican,""n"",""y"",""n"",""y"",""y"",""y"",""n"",""n"",""n"""
"republican,""y"",""0"",""n"",""y"",""y"",""y"",""n"",""n"",""n"""
"republican,""y"",""y"",""n"",""y"",""y"",""y"",""n"",""n"",""n"""
"republican,""n"",""y"",""n"",""y"",""y"",""y"",""n"",""n"",""n"""
"democrat,""y"",""n"",""y"",""n"",""n"",""n"",""y"",""y"",""y"""
"democrat,""y"",""y"",""y"",""n"",""n"",""n"",""y"",""y"",""y"""
"democrat,""y"",""y"",""y"",""n"",""n"",""n"",""y"",""y"",""y"""
"democrat,""y"",""n"",""y"",""n"",""n"",""n"",""y"",""y"",""y"""
"democrat,""y"",""n"",""y"",""n"",""n"",""n"",""y"",""y"",""y"""
"democrat,""y"",""y"",""y"",""n"",""n"",""n"",""y"",""y"",""y"""
"democrat,""y"",""y"",""y"",""n"",""n"",""n"",""y"",""y"",""0"""
"democrat,""y"",""y"",""y"",""n"",""n"",""n"",""y"",""y"",""y"""
"democrat,""y"",""n"",""y"",""n"",""n"",""n"",""y"",""y"",""0"""
"democrat,""y"",""y"",""y"",""n"",""n"",""n"",""y"",""y"",""n"""
"republican,""n"",""0"",""n"",""y"",""y"",""y"",""n"",""n"",""n"""
"democrat,""y"",""y"",""y"",""n"",""n"",""n"",""y"",""y"",""y"""
"republican,""n"",""y"",""n"",""y"",""y"",""y"",""n"",""0"",""n"""
"democrat,""y"",""y"",""y"",""n"",""n"",""n"",""y"",""y"",""y"""
"republican,""y"",""y"",""n"",""y"",""y"",""y"",""n"",""n"",""n"""
"democrat,""y"",""y"",""y"",""n"",""n"",""y"",""0"",""y"",""n"""
"republican,""n"",""y"",""n"",""y"",""y"",""y"",""n"",""n"",""n"""
"republican,""n"",""y"",""n"",""y"",""y"",""y"",""n"",""n"",""n"""
"republican,""n"",""y"",""n"",""y"",""y"",""y"",""n"",""n"",""n"""
"republican,""n"",""y"",""n"",""y"",""y"",""y"",""n"",""n"",""n"""
"republican,""n"",""y"",""n"",""y"",""y"",""y"",""n"",""n"",""n"""
"democrat,""y"",""y"",""y"",""n"",""n"",""0"",""y"",""y"",""y"""
"republican,""n"",""y"",""n"",""y"",""y"",""y"",""n"",""n"",""n"""
"democrat,""y"",""y"",""y"",""n"",""n"",""n"",""y"",""y"",""y"""
"democrat,""y"",""y"",""y"",""n"",""n"",""n"",""y"",""y"",""y"""
"democrat,""y"",""y"",""y"",""n"",""n"",""n"",""y"",""y"",""y"""
"republican,""y"",""y"",""n"",""y"",""y"",""y"",""y"",""n"",""n"""
"republican,""n"",""y"",""n"",""y"",""y"",""y"",""y"",""n"",""n"""
"republican,""n"",""y"",""n"",""y"",""y"",""y"",""n"",""n"",""n"""
"democrat,""y"",""0"",""y"",""n"",""n"",""n"",""y"",""y"",""y"""
"democrat,""y"",""y"",""y"",""n"",""n"",""n"",""y"",""y"",""y"""
"democrat,""y"",""n"",""y"",""n"",""n"",""n"",""y"",""y"",""y"""
"republican,""y"",""y"",""y"",""y"",""n"",""n"",""y"",""y"",""y"""
"democrat,""y"",""y"",""y"",""n"",""n"",""n"",""y"",""y"",""y"""
"republican,""y"",""n"",""y"",""y"",""y"",""n"",""y"",""n"",""y"""
"democrat,""y"",""n"",""y"",""n"",""n"",""y"",""y"",""y"",""y"""
"democrat,""n"",""y"",""y"",""y"",""y"",""y"",""n"",""n"",""n"""
"democrat,""n"",""y"",""y"",""n"",""y"",""y"",""n"",""n"",""n"""
"democrat,""n"",""y"",""y"",""y"",""y"",""y"",""n"",""y"",""y"""
"democrat,""y"",""y"",""y"",""n"",""y"",""y"",""n"",""n"",""n"""
"republican,""n"",""n"",""n"",""y"",""y"",""n"",""n"",""n"",""n"""
"democrat,""y"",""n"",""y"",""n"",""n"",""y"",""y"",""y"",""y"""
"democrat,""y"",""n"",""y"",""n"",""n"",""n"",""y"",""y"",""0"""
"republican,""n"",""n"",""n"",""y"",""y"",""y"",""n"",""n"",""n"""
"republican,""n"",""n"",""n"",""y"",""y"",""y"",""n"",""n"",""n"""
"republican,""n"",""0"",""n"",""y"",""y"",""y"",""n"",""n"",""n"""
"democrat,""n"",""n"",""y"",""n"",""y"",""y"",""n"",""n"",""n"""
"republican,""n"",""n"",""n"",""y"",""y"",""y"",""n"",""n"",""n"""
"republican,""n"",""n"",""n"",""y"",""y"",""y"",""n"",""n"",""n"""
"democrat,""n"",""y"",""y"",""n"",""y"",""y"",""y"",""n"",""y"""
"republican,""n"",""n"",""n"",""y"",""y"",""y"",""n"",""n"",""n"""
"democrat,""y"",""n"",""y"",""n"",""n"",""n"",""y"",""y"",""y"""
"democrat,""y"",""n"",""y"",""n"",""n"",""n"",""y"",""y"",""y"""
"democrat,""y"",""y"",""y"",""n"",""n"",""n"",""y"",""y"",""n"""
"democrat,""y"",""n"",""y"",""n"",""n"",""n"",""y"",""n"",""y"""
"democrat,""y"",""n"",""y"",""n"",""y"",""y"",""n"",""n"",""n"""
"democrat,""y"",""n"",""y"",""n"",""y"",""y"",""n"",""0"",""0"""
"democrat,""n"",""n"",""0"",""n"",""y"",""y"",""n"",""n"",""n"""
"democrat,""y"",""n"",""n"",""n"",""y"",""y"",""y"",""n"",""n"""
"democrat,""y"",""y"",""y"",""n"",""n"",""y"",""y"",""y"",""y"""
"republican,""n"",""n"",""n"",""y"",""y"",""y"",""n"",""n"",""n"""
"democrat,""y"",""n"",""n"",""n"",""y"",""y"",""n"",""n"",""n"""
"democrat,""y"",""n"",""y"",""n"",""y"",""y"",""y"",""n"",""n"""
"democrat,""y"",""n"",""y"",""n"",""y"",""y"",""y"",""n"",""0"""
"democrat,""y"",""n"",""n"",""n"",""y"",""y"",""0"",""n"",""0"""
"democrat,""0"",""0"",""0"",""0"",""n"",""y"",""y"",""y"",""y"""
"democrat,""y"",""y"",""y"",""n"",""n"",""n"",""n"",""y"",""y"""
"republican,""n"",""y"",""n"",""y"",""y"",""y"",""n"",""n"",""n"""
"republican,""n"",""0"",""0"",""0"",""0"",""0"",""0"",""0"",""0"""
"democrat,""y"",""0"",""y"",""n"",""n"",""n"",""y"",""y"",""y"""
"democrat,""y"",""0"",""y"",""n"",""n"",""n"",""y"",""y"",""y"""
"democrat,""n"",""n"",""y"",""n"",""n"",""n"",""y"",""y"",""y"""
"republican,""n"",""0"",""n"",""y"",""y"",""y"",""n"",""n"",""n"""
"democrat,""n"",""0"",""y"",""n"",""n"",""y"",""y"",""y"",""n"""
"republican,""n"",""0"",""n"",""y"",""y"",""y"",""n"",""n"",""n"""
"democrat,""y"",""0"",""y"",""n"",""n"",""n"",""y"",""y"",""y"""
"democrat,""n"",""0"",""y"",""n"",""0"",""0"",""y"",""y"",""y"""
"democrat,""y"",""n"",""y"",""n"",""n"",""n"",""y"",""y"",""y"""
"republican,""y"",""y"",""y"",""y"",""y"",""n"",""y"",""n"",""n"""
"democrat,""n"",""y"",""y"",""n"",""n"",""n"",""n"",""y"",""y"""
"republican,""n"",""n"",""n"",""y"",""y"",""y"",""n"",""n"",""n"""
"republican,""n"",""0"",""0"",""y"",""y"",""y"",""n"",""n"",""n"""
"republican,""n"",""0"",""n"",""y"",""y"",""y"",""n"",""n"",""n"""
"republican,""n"",""n"",""n"",""y"",""y"",""y"",""n"",""n"",""n"""
"republican,""y"",""0"",""n"",""y"",""y"",""y"",""n"",""y"",""n"""
"democrat,""n"",""0"",""y"",""n"",""n"",""n"",""y"",""y"",""y"""
"republican,""n"",""0"",""n"",""y"",""y"",""y"",""n"",""n"",""n"""
"republican,""n"",""0"",""n"",""y"",""y"",""y"",""n"",""n"",""n"""
"democrat,""n"",""0"",""y"",""n"",""n"",""n"",""y"",""y"",""y"""
"democrat,""n"",""0"",""y"",""n"",""n"",""y"",""n"",""y"",""n"""
"democrat,""0"",""0"",""y"",""n"",""n"",""n"",""y"",""y"",""0"""
"democrat,""y"",""0"",""y"",""n"",""0"",""0"",""y"",""y"",""y"""
"democrat,""n"",""n"",""y"",""n"",""n"",""y"",""n"",""y"",""y"""
"republican,""n"",""n"",""n"",""y"",""y"",""y"",""n"",""n"",""n"""
"republican,""n"",""n"",""n"",""y"",""y"",""y"",""n"",""n"",""n"""
"republican,""n"",""n"",""n"",""y"",""y"",""y"",""n"",""n"",""n"""
"republican,""n"",""n"",""n"",""y"",""y"",""y"",""n"",""n"",""n"""
"republican,""n"",""y"",""n"",""y"",""y"",""y"",""n"",""n"",""n"""
"democrat,""n"",""0"",""y"",""n"",""n"",""y"",""y"",""y"",""y"""
"democrat,""n"",""n"",""y"",""n"",""n"",""y"",""y"",""y"",""y"""
"democrat,""y"",""n"",""y"",""n"",""n"",""y"",""y"",""y"",""y"""
"republican,""n"",""n"",""n"",""y"",""n"",""n"",""y"",""y"",""y"""
"republican,""n"",""n"",""n"",""y"",""y"",""y"",""y"",""y"",""y"""
"republican,""n"",""n"",""n"",""y"",""y"",""y"",""y"",""y"",""y"""
"democrat,""0"",""y"",""n"",""n"",""n"",""n"",""y"",""y"",""y"""
"democrat,""n"",""0"",""n"",""n"",""n"",""y"",""y"",""y"",""y"""
"democrat,""n"",""n"",""y"",""n"",""n"",""y"",""y"",""y"",""y"""
"republican,""n"",""y"",""n"",""y"",""y"",""y"",""n"",""n"",""n"""
"democrat,""n"",""n"",""n"",""n"",""n"",""n"",""y"",""y"",""y"""
"republican,""n"",""y"",""n"",""y"",""y"",""y"",""n"",""n"",""n"""
"democrat,""n"",""n"",""y"",""n"",""n"",""n"",""y"",""y"",""y"""
"republican,""y"",""y"",""n"",""y"",""y"",""y"",""n"",""n"",""n"""
"democrat,""y"",""y"",""0"",""y"",""y"",""y"",""n"",""n"",""y"""
"democrat,""n"",""y"",""y"",""n"",""n"",""y"",""n"",""y"",""y"""
"democrat,""n"",""n"",""y"",""n"",""n"",""y"",""y"",""y"",""y"""
"republican,""n"",""y"",""n"",""y"",""y"",""y"",""n"",""n"",""n"""
"republican,""y"",""y"",""n"",""y"",""y"",""y"",""n"",""0"",""n"""
"republican,""y"",""y"",""n"",""y"",""y"",""y"",""y"",""n"",""n"""
"democrat,""n"",""y"",""y"",""n"",""n"",""y"",""n"",""y"",""y"""
"republican,""n"",""y"",""n"",""y"",""y"",""y"",""n"",""n"",""n"""
"democrat,""n"",""y"",""y"",""n"",""0"",""y"",""y"",""y"",""y"""
"democrat,""n"",""y"",""n"",""n"",""y"",""y"",""n"",""n"",""n"""
"democrat,""n"",""n"",""n"",""n"",""y"",""y"",""y"",""n"",""n"""
"democrat,""n"",""y"",""y"",""n"",""y"",""y"",""y"",""n"",""n"""
"republican,""n"",""y"",""n"",""y"",""y"",""y"",""y"",""n"",""n"""
"democrat,""y"",""y"",""n"",""n"",""y"",""y"",""n"",""n"",""n"""
"democrat,""n"",""y"",""y"",""n"",""n"",""y"",""y"",""y"",""y"""
"republican,""y"",""n"",""y"",""y"",""y"",""y"",""y"",""y"",""n"""
"republican,""y"",""n"",""y"",""y"",""y"",""y"",""y"",""y"",""n"""
"democrat,""n"",""n"",""y"",""y"",""y"",""y"",""n"",""n"",""y"""
"democrat,""y"",""n"",""y"",""n"",""n"",""n"",""y"",""y"",""y"""
"democrat,""y"",""n"",""y"",""n"",""n"",""n"",""0"",""y"",""y"""
"republican,""n"",""0"",""n"",""y"",""y"",""y"",""n"",""n"",""n"""
"democrat,""n"",""y"",""y"",""n"",""n"",""n"",""y"",""y"",""y"""
"democrat,""n"",""n"",""n"",""n"",""y"",""y"",""n"",""n"",""n"""
"democrat,""y"",""0"",""y"",""n"",""n"",""n"",""y"",""y"",""y"""
"democrat,""n"",""y"",""y"",""n"",""n"",""n"",""y"",""y"",""y"""
"republican,""n"",""n"",""y"",""y"",""n"",""n"",""y"",""y"",""y"""
"democrat,""n"",""n"",""y"",""n"",""n"",""n"",""y"",""y"",""y"""
"democrat,""0"",""n"",""y"",""n"",""n"",""n"",""y"",""y"",""y"""
"democrat,""y"",""n"",""y"",""n"",""n"",""n"",""y"",""y"",""y"""
"democrat,""0"",""0"",""y"",""n"",""n"",""n"",""y"",""y"",""y"""
"democrat,""n"",""n"",""y"",""n"",""n"",""n"",""y"",""y"",""y"""
"democrat,""y"",""0"",""y"",""n"",""n"",""n"",""y"",""y"",""y"""
"democrat,""0"",""0"",""0"",""0"",""0"",""0"",""0"",""0"",""y"""
"democrat,""n"",""n"",""y"",""n"",""n"",""n"",""y"",""y"",""y"""
"democrat,""y"",""n"",""y"",""n"",""n"",""n"",""y"",""y"",""y"""
"democrat,""n"",""y"",""y"",""n"",""n"",""n"",""y"",""y"",""y"""
"democrat,""y"",""n"",""y"",""n"",""n"",""n"",""y"",""y"",""y"""
"republican,""y"",""0"",""n"",""y"",""y"",""y"",""y"",""y"",""n"""
"democrat,""y"",""n"",""y"",""n"",""n"",""n"",""y"",""y"",""y"""
"republican,""n"",""0"",""n"",""y"",""y"",""y"",""n"",""n"",""n"""
"republican,""n"",""y"",""n"",""y"",""y"",""y"",""n"",""0"",""n"""
"democrat,""n"",""n"",""n"",""n"",""n"",""y"",""y"",""y"",""y"""
"democrat,""n"",""n"",""y"",""n"",""n"",""n"",""y"",""y"",""y"""
"democrat,""n"",""n"",""y"",""n"",""n"",""y"",""y"",""0"",""y"""
"republican,""n"",""n"",""n"",""y"",""y"",""y"",""n"",""n"",""n"""
"democrat,""n"",""n"",""y"",""n"",""n"",""y"",""y"",""y"",""y"""
"republican,""n"",""0"",""y"",""y"",""y"",""y"",""n"",""n"",""n"""
"democrat,""n"",""n"",""y"",""n"",""n"",""n"",""y"",""y"",""y"""
"democrat,""y"",""y"",""n"",""n"",""n"",""n"",""y"",""y"",""0"""
"democrat,""n"",""n"",""y"",""n"",""n"",""n"",""y"",""y"",""y"""
"democrat,""y"",""y"",""y"",""n"",""n"",""n"",""y"",""y"",""y"""
"democrat,""y"",""n"",""y"",""n"",""n"",""y"",""y"",""y"",""y"""
"democrat,""y"",""n"",""y"",""n"",""n"",""n"",""y"",""y"",""y"""
"republican,""n"",""n"",""y"",""y"",""y"",""y"",""y"",""n"",""n"""
"democrat,""n"",""n"",""y"",""n"",""n"",""y"",""y"",""y"",""y"""
"republican,""n"",""n"",""n"",""y"",""y"",""y"",""n"",""n"",""n"""
"republican,""y"",""0"",""n"",""y"",""y"",""y"",""y"",""n"",""n"""
"democrat,""n"",""n"",""y"",""n"",""n"",""n"",""y"",""y"",""y"""
"democrat,""y"",""y"",""y"",""n"",""n"",""n"",""y"",""y"",""y"""
"democrat,""n"",""n"",""y"",""n"",""n"",""y"",""y"",""y"",""y"""
"republican,""n"",""y"",""n"",""y"",""y"",""y"",""n"",""n"",""n"""
"democrat,""n"",""n"",""y"",""n"",""n"",""n"",""y"",""y"",""y"""
"democrat,""n"",""y"",""y"",""n"",""n"",""y"",""n"",""y"",""y"""
"republican,""y"",""y"",""n"",""y"",""y"",""y"",""n"",""n"",""n"""
"democrat,""n"",""y"",""y"",""y"",""y"",""y"",""n"",""n"",""n"""
"democrat,""y"",""y"",""y"",""n"",""y"",""y"",""n"",""n"",""0"""
"republican,""n"",""y"",""n"",""y"",""y"",""y"",""n"",""n"",""n"""
"democrat,""y"",""0"",""y"",""n"",""n"",""n"",""y"",""y"",""y"""
"democrat,""n"",""y"",""y"",""n"",""n"",""n"",""n"",""y"",""y"""
"democrat,""n"",""n"",""y"",""n"",""n"",""n"",""y"",""y"",""y"""
"democrat,""n"",""y"",""y"",""n"",""y"",""y"",""n"",""n"",""n"""
"democrat,""y"",""n"",""y"",""n"",""n"",""n"",""y"",""y"",""y"""
"republican,""n"",""n"",""n"",""y"",""y"",""n"",""n"",""n"",""n"""
"republican,""n"",""y"",""n"",""y"",""y"",""y"",""n"",""n"",""n"""
"republican,""n"",""0"",""n"",""y"",""y"",""y"",""n"",""n"",""n"""
"democrat,""n"",""n"",""y"",""n"",""n"",""y"",""y"",""y"",""y"""
"democrat,""y"",""n"",""y"",""n"",""n"",""n"",""y"",""y"",""y"""
"republican,""n"",""y"",""n"",""y"",""y"",""y"",""n"",""n"",""n"""
"republican,""n"",""y"",""y"",""y"",""y"",""y"",""y"",""n"",""y"""
"republican,""n"",""y"",""n"",""y"",""y"",""y"",""n"",""n"",""n"""
"republican,""n"",""y"",""n"",""y"",""y"",""y"",""n"",""n"",""y"""
"democrat,""n"",""y"",""y"",""n"",""n"",""n"",""y"",""y"",""n"""
"republican,""n"",""y"",""n"",""y"",""y"",""y"",""n"",""n"",""n"""
"democrat,""n"",""n"",""y"",""n"",""n"",""y"",""y"",""y"",""y"""
"republican,""n"",""n"",""n"",""y"",""y"",""y"",""n"",""n"",""n"""
"democrat,""n"",""n"",""y"",""n"",""n"",""n"",""y"",""y"",""y"""
"democrat,""y"",""n"",""y"",""n"",""n"",""y"",""y"",""y"",""n"""
"democrat,""y"",""y"",""y"",""n"",""n"",""n"",""y"",""y"",""0"""
"republican,""n"",""n"",""n"",""y"",""y"",""y"",""y"",""n"",""n"""
"republican,""n"",""n"",""n"",""y"",""n"",""y"",""y"",""0"",""y"""
"democrat,""y"",""n"",""y"",""n"",""n"",""n"",""y"",""y"",""y"""
"republican,""n"",""n"",""n"",""n"",""y"",""y"",""y"",""n"",""n"""
"democrat,""n"",""y"",""y"",""n"",""n"",""n"",""y"",""y"",""0"""
"democrat,""y"",""n"",""y"",""n"",""n"",""n"",""n"",""y"",""y"""
"democrat,""y"",""n"",""y"",""n"",""n"",""n"",""y"",""y"",""y"""
"democrat,""n"",""n"",""y"",""n"",""y"",""n"",""y"",""y"",""y"""
"republican,""n"",""y"",""n"",""y"",""y"",""y"",""0"",""n"",""n"""
"republican,""0"",""0"",""0"",""0"",""0"",""0"",""0"",""0"",""0"""
"democrat,""y"",""n"",""y"",""n"",""n"",""n"",""y"",""y"",""0"""
"republican,""n"",""y"",""n"",""y"",""y"",""y"",""n"",""n"",""n"""
"republican,""n"",""y"",""n"",""y"",""y"",""y"",""n"",""n"",""n"""
"democrat,""y"",""y"",""y"",""n"",""n"",""y"",""y"",""y"",""y"""
"republican,""n"",""y"",""n"",""y"",""y"",""y"",""n"",""n"",""n"""
"democrat,""y"",""n"",""y"",""n"",""n"",""n"",""y"",""y"",""y"""
"democrat,""y"",""n"",""y"",""n"",""n"",""n"",""y"",""y"",""y"""
"republican,""n"",""n"",""n"",""y"",""y"",""n"",""n"",""n"",""n"""
"republican,""n"",""n"",""n"",""y"",""y"",""n"",""n"",""n"",""n"""
"democrat,""n"",""n"",""y"",""n"",""n"",""n"",""y"",""y"",""y"""
"democrat,""y"",""n"",""y"",""n"",""n"",""n"",""y"",""y"",""y"""
"democrat,""y"",""n"",""y"",""n"",""n"",""n"",""y"",""y"",""y"""
"democrat,""y"",""n"",""y"",""n"",""n"",""0"",""y"",""y"",""y"""
"democrat,""y"",""n"",""y"",""n"",""n"",""n"",""y"",""y"",""y"""
"democrat,""y"",""n"",""y"",""n"",""n"",""n"",""y"",""y"",""y"""
"democrat,""y"",""n"",""y"",""n"",""n"",""n"",""y"",""y"",""y"""
"democrat,""y"",""n"",""y"",""n"",""n"",""n"",""y"",""y"",""y"""
"republican,""n"",""n"",""n"",""y"",""y"",""y"",""n"",""n"",""n"""
"republican,""y"",""n"",""n"",""n"",""n"",""n"",""y"",""y"",""y"""
"democrat,""y"",""n"",""y"",""n"",""n"",""n"",""y"",""y"",""y"""
"democrat,""y"",""n"",""y"",""n"",""n"",""n"",""y"",""y"",""y"""
"democrat,""y"",""y"",""y"",""n"",""n"",""n"",""y"",""y"",""y"""
"democrat,""n"",""y"",""y"",""n"",""n"",""y"",""y"",""y"",""y"""
"democrat,""y"",""n"",""y"",""n"",""n"",""n"",""y"",""y"",""y"""
"republican,""n"",""n"",""n"",""y"",""y"",""n"",""y"",""y"",""n"""
"republican,""y"",""n"",""n"",""y"",""y"",""n"",""y"",""n"",""n"""
"democrat,""n"",""n"",""y"",""n"",""y"",""y"",""n"",""n"",""n"""
"republican,""n"",""n"",""n"",""y"",""y"",""y"",""n"",""n"",""n"""
"republican,""n"",""n"",""y"",""y"",""y"",""y"",""y"",""y"",""n"""
"republican,""n"",""n"",""n"",""y"",""y"",""y"",""n"",""n"",""n"""
"republican,""n"",""n"",""n"",""y"",""y"",""y"",""n"",""n"",""n"""
"democrat,""n"",""n"",""y"",""n"",""n"",""n"",""y"",""y"",""y"""
"republican,""y"",""n"",""y"",""y"",""y"",""y"",""y"",""y"",""n"""
"republican,""y"",""n"",""n"",""y"",""y"",""y"",""n"",""n"",""n"""
"republican,""n"",""n"",""n"",""y"",""y"",""y"",""n"",""n"",""n"""
"democrat,""n"",""n"",""y"",""n"",""n"",""y"",""y"",""y"",""y"""
"democrat,""n"",""n"",""y"",""n"",""n"",""y"",""y"",""y"",""y"""
"democrat,""n"",""n"",""y"",""n"",""n"",""y"",""0"",""y"",""0"""
"democrat,""y"",""y"",""y"",""0"",""n"",""y"",""y"",""y"",""y"""
"democrat,""y"",""y"",""y"",""n"",""y"",""y"",""n"",""y"",""n"""
"democrat,""y"",""y"",""y"",""n"",""y"",""y"",""n"",""y"",""n"""
"democrat,""y"",""n"",""y"",""n"",""0"",""y"",""0"",""y"",""y"""
"democrat,""y"",""n"",""y"",""n"",""n"",""y"",""y"",""y"",""y"""
"democrat,""y"",""n"",""y"",""n"",""n"",""y"",""y"",""y"",""n"""
"democrat,""y"",""y"",""y"",""n"",""n"",""y"",""y"",""y"",""y"""
"democrat,""n"",""y"",""y"",""n"",""n"",""y"",""y"",""y"",""n"""
"republican,""n"",""y"",""n"",""y"",""y"",""y"",""0"",""0"",""n"""
"republican,""n"",""n"",""y"",""y"",""y"",""y"",""n"",""n"",""n"""
"democrat,""y"",""y"",""y"",""n"",""n"",""y"",""y"",""y"",""y"""
"democrat,""n"",""y"",""n"",""n"",""n"",""n"",""y"",""y"",""y"""
"democrat,""n"",""y"",""y"",""n"",""n"",""y"",""y"",""y"",""y"""
"republican,""n"",""n"",""n"",""y"",""y"",""n"",""y"",""y"",""y"""
"democrat,""n"",""n"",""0"",""n"",""n"",""y"",""y"",""y"",""y"""
"republican,""n"",""n"",""n"",""y"",""y"",""y"",""y"",""n"",""n"""
"republican,""n"",""n"",""n"",""y"",""y"",""y"",""n"",""n"",""n"""
"republican,""n"",""y"",""n"",""y"",""y"",""y"",""n"",""n"",""n"""
"republican,""n"",""n"",""n"",""y"",""y"",""y"",""n"",""n"",""n"""
"republican,""n"",""n"",""n"",""y"",""y"",""y"",""n"",""n"",""n"""
"democrat,""y"",""n"",""y"",""n"",""n"",""y"",""y"",""y"",""y"""
"republican,""n"",""n"",""n"",""y"",""y"",""y"",""n"",""n"",""n"""
"democrat,""y"",""n"",""n"",""n"",""n"",""y"",""y"",""y"",""y"""
"republican,""n"",""n"",""n"",""y"",""y"",""y"",""n"",""n"",""n"""
"democrat,""n"",""n"",""y"",""n"",""n"",""y"",""y"",""y"",""y"""
"democrat,""y"",""y"",""y"",""n"",""n"",""n"",""y"",""y"",""y"""
"republican,""n"",""y"",""y"",""y"",""y"",""y"",""n"",""n"",""n"""
"republican,""n"",""y"",""n"",""y"",""y"",""y"",""y"",""y"",""n"""
"republican,""n"",""y"",""y"",""y"",""y"",""y"",""y"",""0"",""n"""
"democrat,""n"",""n"",""n"",""n"",""n"",""y"",""n"",""y"",""y"""
"democrat,""y"",""n"",""n"",""n"",""n"",""n"",""y"",""y"",""y"""
"democrat,""n"",""n"",""y"",""n"",""n"",""n"",""y"",""y"",""y"""
"democrat,""y"",""n"",""y"",""n"",""n"",""n"",""y"",""y"",""y"""
"democrat,""n"",""y"",""y"",""n"",""n"",""y"",""n"",""y"",""y"""
"democrat,""y"",""y"",""y"",""n"",""n"",""n"",""y"",""y"",""y"""
"democrat,""y"",""y"",""y"",""n"",""0"",""y"",""n"",""0"",""n"""
"democrat,""y"",""y"",""y"",""n"",""y"",""y"",""n"",""y"",""0"""
"republican,""n"",""y"",""n"",""y"",""y"",""y"",""n"",""n"",""n"""
"democrat,""n"",""y"",""n"",""n"",""y"",""y"",""n"",""n"",""0"""
"democrat,""y"",""y"",""n"",""y"",""n"",""n"",""y"",""y"",""y"""
"republican,""n"",""y"",""n"",""y"",""y"",""y"",""n"",""n"",""n"""
"democrat,""y"",""y"",""y"",""n"",""n"",""n"",""y"",""y"",""y"""
"democrat,""y"",""0"",""y"",""n"",""n"",""y"",""y"",""y"",""y"""
"republican,""n"",""y"",""n"",""y"",""y"",""y"",""n"",""n"",""n"""
"democrat,""y"",""0"",""y"",""n"",""n"",""n"",""y"",""y"",""y"""
"democrat,""y"",""n"",""y"",""n"",""n"",""n"",""y"",""y"",""y"""
"democrat,""n"",""n"",""y"",""n"",""n"",""n"",""y"",""y"",""y"""
"democrat,""n"",""y"",""y"",""n"",""n"",""y"",""y"",""y"",""0"""
"republican,""n"",""n"",""n"",""y"",""y"",""y"",""n"",""n"",""n"""
"democrat,""n"",""n"",""y"",""n"",""n"",""y"",""y"",""y"",""n"""
"democrat,""y"",""n"",""y"",""n"",""n"",""n"",""y"",""y"",""y"""
"democrat,""y"",""n"",""y"",""n"",""n"",""n"",""y"",""y"",""y"""
"republican,""y"",""n"",""n"",""y"",""y"",""y"",""n"",""n"",""n"""
"republican,""n"",""n"",""n"",""y"",""y"",""y"",""n"",""n"",""n"""
"democrat,""n"",""0"",""y"",""0"",""n"",""y"",""y"",""y"",""y"""
"democrat,""n"",""y"",""y"",""n"",""y"",""0"",""y"",""n"",""n"""
"republican,""n"",""n"",""n"",""y"",""y"",""n"",""y"",""n"",""y"""
"democrat,""n"",""n"",""y"",""n"",""n"",""n"",""y"",""y"",""y"""
"republican,""n"",""n"",""n"",""y"",""y"",""y"",""y"",""n"",""n"""
"republican,""n"",""n"",""n"",""y"",""y"",""y"",""n"",""n"",""n"""
"republican,""y"",""n"",""n"",""y"",""y"",""y"",""n"",""n"",""n"""
"democrat,""y"",""n"",""y"",""n"",""n"",""n"",""y"",""y"",""y"""
"republican,""n"",""y"",""y"",""y"",""y"",""y"",""y"",""y"",""y"""
"democrat,""n"",""y"",""n"",""n"",""n"",""y"",""y"",""n"",""y"""
"republican,""n"",""n"",""y"",""y"",""y"",""y"",""y"",""y"",""y"""
"democrat,""n"",""y"",""n"",""y"",""n"",""y"",""y"",""y"",""y"""
"republican,""n"",""n"",""y"",""y"",""y"",""y"",""y"",""n"",""n"""
"democrat,""n"",""y"",""y"",""n"",""n"",""y"",""y"",""y"",""y"""
"republican,""y"",""n"",""y"",""y"",""n"",""n"",""n"",""y"",""y"""
"republican,""n"",""n"",""n"",""y"",""y"",""y"",""n"",""n"",""n"""
"republican,""n"",""n"",""n"",""y"",""y"",""y"",""n"",""n"",""n"""
"democrat,""y"",""y"",""y"",""n"",""n"",""y"",""y"",""y"",""y"""
"republican,""n"",""n"",""n"",""y"",""y"",""y"",""n"",""n"",""n"""
"democrat,""y"",""n"",""y"",""n"",""n"",""y"",""y"",""y"",""y"""
"democrat,""y"",""n"",""y"",""n"",""y"",""y"",""y"",""n"",""y"""
"democrat,""y"",""y"",""y"",""n"",""n"",""y"",""y"",""y"",""y"""
"republican,""y"",""y"",""n"",""y"",""y"",""y"",""n"",""n"",""n"""
"republican,""y"",""y"",""n"",""y"",""y"",""y"",""n"",""n"",""n"""
"democrat,""n"",""y"",""n"",""n"",""y"",""y"",""n"",""n"",""n"""
"democrat,""y"",""n"",""y"",""n"",""n"",""n"",""y"",""y"",""n"""
"democrat,""y"",""y"",""y"",""n"",""y"",""y"",""y"",""y"",""n"""
"democrat,""n"",""y"",""y"",""n"",""n"",""y"",""y"",""y"",""n"""
"republican,""n"",""y"",""n"",""y"",""y"",""y"",""n"",""n"",""n"""
"democrat,""y"",""y"",""y"",""n"",""0"",""y"",""y"",""y"",""n"""
"democrat,""y"",""y"",""y"",""n"",""0"",""n"",""y"",""y"",""y"""
"democrat,""n"",""y"",""y"",""y"",""y"",""y"",""n"",""n"",""n"""
"democrat,""n"",""y"",""y"",""0"",""y"",""y"",""n"",""y"",""n"""
"republican,""n"",""y"",""n"",""y"",""y"",""y"",""n"",""n"",""n"""
"democrat,""n"",""y"",""n"",""y"",""y"",""y"",""n"",""n"",""n"""
"democrat,""y"",""0"",""y"",""n"",""n"",""n"",""y"",""y"",""y"""
"republican,""n"",""y"",""n"",""y"",""y"",""y"",""0"",""0"",""n"""
"republican,""n"",""n"",""n"",""y"",""y"",""y"",""n"",""n"",""n"""
"republican,""n"",""n"",""n"",""y"",""y"",""y"",""n"",""n"",""n"""
"democrat,""y"",""y"",""y"",""n"",""n"",""y"",""0"",""y"",""y"""
"democrat,""y"",""y"",""y"",""n"",""y"",""y"",""y"",""y"",""y"""
"democrat,""y"",""y"",""n"",""y"",""y"",""y"",""n"",""n"",""n"""
"democrat,""y"",""y"",""y"",""n"",""y"",""y"",""n"",""y"",""y"""
"democrat,""y"",""y"",""y"",""y"",""y"",""y"",""n"",""n"",""n"""
"democrat,""y"",""y"",""n"",""n"",""y"",""y"",""n"",""n"",""n"""
"democrat,""n"",""0"",""y"",""n"",""y"",""y"",""n"",""y"",""n"""
"democrat,""y"",""y"",""y"",""n"",""y"",""y"",""n"",""y"",""y"""
"democrat,""n"",""y"",""y"",""y"",""y"",""y"",""n"",""n"",""n"""
"democrat,""y"",""n"",""y"",""n"",""n"",""n"",""y"",""y"",""y"""
"democrat,""0"",""0"",""n"",""n"",""0"",""y"",""0"",""n"",""n"""
"democrat,""y"",""y"",""n"",""n"",""n"",""n"",""n"",""y"",""y"""
"republican,""y"",""y"",""n"",""y"",""y"",""y"",""n"",""n"",""n"""
"republican,""0"",""0"",""0"",""0"",""n"",""y"",""n"",""y"",""y"""
"democrat,""y"",""y"",""0"",""0"",""0"",""y"",""n"",""n"",""n"""
"democrat,""y"",""y"",""y"",""0"",""n"",""n"",""n"",""y"",""n"""
"democrat,""y"",""y"",""y"",""n"",""y"",""y"",""n"",""y"",""n"""
"democrat,""y"",""y"",""n"",""n"",""y"",""0"",""n"",""n"",""n"""
"democrat,""n"",""y"",""y"",""n"",""y"",""y"",""n"",""y"",""n"""
"republican,""n"",""y"",""n"",""y"",""0"",""y"",""n"",""n"",""n"""
"republican,""n"",""y"",""n"",""y"",""y"",""y"",""n"",""0"",""n"""
"republican,""n"",""y"",""n"",""y"",""y"",""y"",""n"",""n"",""n"""
"republican,""0"",""n"",""y"",""y"",""n"",""y"",""y"",""y"",""y"""
"republican,""n"",""y"",""n"",""y"",""y"",""y"",""n"",""n"",""n"""
"republican,""y"",""y"",""n"",""y"",""y"",""y"",""n"",""n"",""n"""
"republican,""n"",""n"",""n"",""y"",""y"",""y"",""n"",""n"",""n"""
"democrat,""y"",""n"",""y"",""n"",""y"",""y"",""n"",""n"",""y"""
"democrat,""n"",""n"",""n"",""y"",""y"",""y"",""n"",""n"",""n"""
"democrat,""y"",""n"",""y"",""n"",""n"",""y"",""y"",""y"",""y"""
"republican,""n"",""n"",""n"",""y"",""y"",""y"",""n"",""n"",""n"""
"republican,""n"",""n"",""n"",""y"",""y"",""y"",""n"",""n"",""n"""
"democrat,""y"",""n"",""y"",""n"",""n"",""y"",""y"",""y"",""y"""
"republican,""n"",""n"",""n"",""y"",""y"",""y"",""n"",""n"",""n"""
"republican,""y"",""y"",""y"",""y"",""y"",""y"",""y"",""y"",""n"""
"democrat,""y"",""y"",""y"",""n"",""n"",""n"",""y"",""y"",""y"""
"democrat,""n"",""y"",""y"",""n"",""n"",""y"",""y"",""y"",""0"""
"republican,""y"",""y"",""n"",""y"",""y"",""y"",""n"",""n"",""n"""
"democrat,""y"",""y"",""y"",""n"",""n"",""n"",""y"",""y"",""y"""
"democrat,""y"",""y"",""y"",""n"",""n"",""n"",""y"",""y"",""n"""
"democrat,""y"",""y"",""y"",""n"",""n"",""n"",""y"",""y"",""y"""
"republican,""y"",""y"",""y"",""y"",""y"",""y"",""y"",""y"",""n"""
"democrat,""n"",""y"",""y"",""n"",""y"",""y"",""y"",""y"",""n"""
"democrat,""n"",""n"",""y"",""n"",""n"",""y"",""y"",""y"",""y"""
"democrat,""n"",""y"",""y"",""n"",""n"",""y"",""y"",""y"",""y"""
"democrat,""n"",""y"",""y"",""n"",""n"",""0"",""y"",""y"",""y"""
"democrat,""n"",""n"",""y"",""n"",""n"",""n"",""y"",""y"",""n"""
"democrat,""y"",""n"",""y"",""n"",""n"",""n"",""y"",""y"",""y"""
"republican,""n"",""n"",""n"",""y"",""y"",""y"",""y"",""y"",""n"""
"democrat,""0"",""0"",""0"",""n"",""n"",""n"",""y"",""y"",""y"""
"democrat,""y"",""n"",""y"",""n"",""0"",""n"",""y"",""y"",""y"""
"republican,""n"",""n"",""y"",""y"",""y"",""y"",""n"",""n"",""y"""
"democrat,""n"",""n"",""y"",""n"",""n"",""n"",""y"",""y"",""y"""
"republican,""n"",""0"",""n"",""y"",""y"",""y"",""n"",""n"",""n"""
"republican,""n"",""n"",""n"",""y"",""y"",""y"",""0"",""0"",""0"""
"republican,""n"",""y"",""n"",""y"",""y"",""y"",""n"",""n"",""n"""
